1005#1#0.8#The customer has a low customer rating for service, has raised multiple complaints and has unresolved issues. This indicates dissatisfaction with the service provided.#The company should reach out to the customer and address their complaints and issues promptly. They should also improve their customer service to ensure a better experience for the customer. Offering incentives or discounts may also help in retaining the customer.
1019#0#0.1#The customer is young, has a high total amount invested, and has a good customer rating for service. They also have a positive chat analysis and no complaints or unresolved issues. These factors suggest that the customer is satisfied with the company and is unlikely to churn.#To ensure the customer remains satisfied and does not churn, the company can continue to provide good customer service, regularly engage with the customer through positive chats, and address any potential issues or concerns promptly. Additionally, offering personalized investment advice and promotions may also help retain the customer.
1001#1#0.75#The customer has a low customer rating for service and has raised multiple complaints, with a majority of them remaining unresolved. This indicates dissatisfaction with the service provided by the company.#The company should address the customer's complaints and resolve them promptly. They should also improve their overall service quality to increase customer satisfaction. Additionally, personalized offers or discounts can be provided to retain the customer. Regular communication and follow-up with the customer can also help in building a stronger relationship and reducing the chances of churn.
1002#1#0.8#The customer is a 55-year-old female with a high total amount invested and a relatively short duration of client relationship. However, there are several red flags such as low customer rating for service, recent inactivity, and multiple complaints raised with one unresolved issue. These factors suggest that the customer may be dissatisfied with the service and may be considering churning.#To retain the customer, it is important to address the issues that have led to dissatisfaction. This could include improving the quality of service, addressing any unresolved complaints, and actively engaging with the customer to understand their concerns. Additionally, offering personalized solutions and incentives may also help in retaining the customer. Regular communication and follow-up can also help in building a stronger relationship with the customer.
1003#0#0.2#The customer has a high customer rating for service, positive chat analysis, no complaints or unresolved issues, and a high net promoter score. These factors suggest that the customer is satisfied with the service and is likely to continue using it.#To ensure that the customer remains satisfied and does not churn, it is important to continue providing high-quality service and addressing any issues or concerns promptly. Additionally, offering personalized promotions or discounts based on the customer's investment history and actively seeking feedback can help retain the customer.
1004#1#0.8#The customer is 60 years old and has been a client for 7 years, which may indicate a higher likelihood of churning due to potential retirement or change in financial priorities. Additionally, the customer has not been active for 3 months and has raised a complaint that remains unresolved, which could indicate dissatisfaction with the service.#To retain the customer, it is important to address the unresolved complaint and provide exceptional customer service. Additionally, offering personalized investment options and actively engaging with the customer through positive chat analysis can help improve their satisfaction and loyalty. Providing incentives or discounts for long-term clients may also help retain the customer.
1005#1#0.8#The customer has a low customer rating for service, has raised multiple complaints and has unresolved issues. This indicates dissatisfaction with the service provided.#The company should reach out to the customer and address their complaints and issues promptly. They should also improve their customer service to ensure a better experience for the customer. Offering incentives or discounts may also help in retaining the customer.
1019#0#0.1#The customer is young, has a high total amount invested, and has a good customer rating for service. They also have a positive chat analysis and no complaints or unresolved issues. These factors suggest that the customer is satisfied with the company and is unlikely to churn.#To ensure the customer remains satisfied and does not churn, the company can continue to provide good customer service, regularly engage with the customer through positive chats, and address any potential issues or concerns promptly. Additionally, offering personalized investment advice and promotions may also help retain the customer.
1005#1#0.8#The customer has a low customer rating for service, has raised multiple complaints and has unresolved issues. This indicates dissatisfaction with the service provided.#The company should reach out to the customer and address their complaints and issues promptly. They should also improve their customer service to ensure a better experience for the customer. Offering incentives or discounts may also help in retaining the customer.
1019#0#0.1#The customer is young, has a high total amount invested, and has a good customer rating for service. They also have a positive chat analysis and no complaints or unresolved issues. These factors suggest that the customer is satisfied with the company and is unlikely to churn.#To ensure that the customer remains satisfied and loyal, the company can continue to provide excellent customer service, regularly engage with the customer through positive chats, and offer personalized investment advice to help them achieve their financial goals. Additionally, the company can offer loyalty rewards or discounts to further incentivize the customer to stay with the company.
1005#1#0.8#The customer has a low customer rating for service, has raised multiple complaints and has unresolved issues. This indicates dissatisfaction with the service provided.#The company should reach out to the customer and address their complaints and issues promptly. They should also improve their customer service to ensure a better experience for the customer. Offering incentives or discounts may also help in retaining the customer.
1019#0#0.1#The customer is young, has a high total amount invested, and has a good customer rating for service. They also have a positive chat analysis and no complaints or unresolved issues. These factors suggest that the customer is satisfied with the company and is unlikely to churn.#To ensure the customer remains satisfied and does not churn, the company can continue to provide good customer service, regularly engage with the customer through positive chats, and address any potential issues or concerns promptly. Additionally, offering personalized investment advice and promotions may also help retain the customer.
1005#1#0.8#The customer has a low customer rating for service, has raised multiple complaints and has unresolved issues. This indicates dissatisfaction with the service provided.#The company should reach out to the customer and address their complaints and issues promptly. They should also improve their customer service to ensure a better experience for the customer. Offering incentives or discounts may also help in retaining the customer.
1019#0#0.1#The customer is young, has a high total amount invested, and has a good customer rating for service. They also have a positive chat analysis and no complaints or unresolved issues. These factors suggest that the customer is satisfied with the company and is unlikely to churn.#To ensure that the customer remains satisfied and does not churn, the company can continue to provide good customer service, regularly engage with the customer through positive chats, and address any potential issues or complaints promptly. Additionally, the company can offer personalized investment advice and promotions to further retain the customer.
1005#1#0.8#The customer has a low customer rating for service, has raised multiple complaints and has unresolved issues. This indicates dissatisfaction with the service provided.#The company should reach out to the customer and address their complaints and issues promptly. They should also improve their customer service to ensure a better experience for the customer. Offering incentives or discounts may also help in retaining the customer.
1019#1#0.8#The customer has a high total amount invested and a long duration of client relationship, but has not been active for the past few months. This could indicate a potential loss of interest in the investment or dissatisfaction with the service.#Reach out to the customer and address any concerns or issues they may have. Offer personalized investment options and incentives to encourage continued investment. Provide excellent customer service and regularly engage with the customer to maintain their interest and satisfaction.
1005#1#0.8#The customer has a low customer rating for service, has raised multiple complaints and has unresolved issues. This indicates dissatisfaction with the service provided.#The company should reach out to the customer and address their complaints and issues promptly. They should also improve their customer service to ensure a better experience for the customer. Offering incentives or discounts may also help in retaining the customer.
1019#1#0.8#The customer has a high total amount invested and a long duration of client relationship, but has not been active for the past few months. This could indicate a potential loss of interest in the investment or dissatisfaction with the service.#Reach out to the customer and address any concerns or issues they may have. Offer personalized investment options and incentives to encourage continued investment. Provide excellent customer service and regularly engage with the customer to maintain their interest and satisfaction.
1005#1#0.8#The customer has a low customer rating for service, has raised multiple complaints and has unresolved issues. This indicates dissatisfaction with the service provided.#The company should reach out to the customer and address their complaints and issues promptly. They should also improve their customer service to ensure a better experience for the customer. Offering incentives or discounts may also help in retaining the customer.
1019#0#0.1#The customer is young, has a high total amount invested, and has a good customer rating for service. They also have a positive chat analysis and no complaints or unresolved issues. These factors suggest that the customer is satisfied with the company and is unlikely to churn.#To ensure that the customer remains satisfied and does not churn, the company can continue to provide good customer service, regularly engage with the customer through positive chats, and address any potential issues or complaints promptly. Additionally, the company can offer personalized investment advice and promotions to further retain the customer.
1005#1#0.8#The customer has a low customer rating for service, has raised multiple complaints and has unresolved issues. This indicates dissatisfaction with the service provided.#The company should reach out to the customer and address their complaints and issues promptly. They should also improve their customer service to ensure a better experience for the customer. Offering incentives or discounts may also help in retaining the customer.
1019#0#0.1#The customer is young, has a high total amount invested, and has a good customer rating for service. They also have a positive chat analysis and no complaints or unresolved issues. These factors suggest that the customer is satisfied with the company and is unlikely to churn.#To ensure the customer remains satisfied and does not churn, the company can continue to provide good customer service, regularly engage with the customer through positive chats, and address any potential issues or concerns promptly. Additionally, offering personalized investment advice and promotions may also help retain the customer.
1005#1#0.8#The customer is a MA category customer and has multiple red flags such as low customer rating for service, neutral chat analysis, high number of complaints raised last year, and unresolved issues. These factors indicate dissatisfaction with the services provided by the company and may lead to churn.#The company should reach out to the customer and address their concerns immediately. They should offer personalized solutions and incentives to retain the customer. Regular follow-ups and improved customer service can also help in retaining the customer. 
1019#1#0.8#The customer falls under the UHNW category and has a neutral chat analysis, which is considered unacceptable. Additionally, the customer has not raised any complaints or unresolved issues, which may indicate dissatisfaction with the service.#The company should reach out to the customer and address any concerns or issues they may have. They should also provide personalized and exceptional service to retain the customer's loyalty. Additionally, the company should regularly communicate with the customer and provide updates on their investments to ensure satisfaction.
1005#1#0.8#The customer falls under the MA category and has multiple red flags such as low customer rating for service, neutral chat analysis, and a high number of complaints and unresolved issues. This indicates dissatisfaction with the services provided.#The company should reach out to the customer and address their concerns immediately. They should also offer personalized solutions and incentives to retain the customer. Regular follow-ups and improved customer service can also help in retaining the customer.
1005#1#0.8#The customer is likely to churn due to low customer rating for service, high number of complaints raised last year, and unresolved issues.#1. Address the customer's concerns and issues promptly and effectively to improve their satisfaction with the service.2. Offer personalized discounts or rewards to show appreciation for their loyalty and encourage them to continue investing.3. Provide regular updates and communication to keep the customer engaged and informed about their investments.4. Offer additional services or benefits to enhance the customer's overall experience and value.5. Conduct a survey or feedback session to understand the customer's needs and preferences and make necessary improvements to retain their business.
1019#1#0.8#The customer is likely to churn due to her age, low customer rating for service, and low returns percentage in CAGR.#To retain the customer, the company should focus on improving the customer's overall experience by providing personalized services, addressing any complaints or issues promptly, and offering better investment options with higher returns. Additionally, the company should also consider offering loyalty rewards or discounts to incentivize the customer to stay.
1005#1#0.8#The customer is likely to churn due to their low customer rating for service (2) and high number of complaints raised last year (4). Additionally, the customer's latest chat analysis is neutral, which may indicate dissatisfaction.#To retain the customer, the company should address the customer's complaints and improve their service. They can also reach out to the customer to understand their concerns and offer personalized solutions. Additionally, providing incentives or discounts may also help in retaining the customer.
1019#1#0.8#The customer is a UHNW customer and has a neutral chat analysis and service feedback. However, the customer's customer rating for service is 5, which is close to the lower end of the acceptable range. This, combined with the fact that the customer has not raised any complaints or unresolved issues, suggests that the customer may be dissatisfied with the service and may churn.#To retain the customer, steps should be taken to improve the customer's satisfaction with the service. This could include addressing any issues or concerns the customer may have, providing personalized and attentive service, and offering incentives or rewards for continued loyalty. Additionally, regular check-ins and communication with the customer can help to ensure their needs are being met and any potential issues are addressed promptly.
1005#1#0.8#The customer's age is relatively young and they have a high total amount invested, indicating they may have a higher risk tolerance and may be more likely to switch to a different investment option. Additionally, their customer rating for service is low and they have raised multiple complaints and have unresolved issues, indicating dissatisfaction with the company.#The company should reach out to the customer to address their concerns and improve their overall experience. This could include offering personalized investment options, providing better customer service, and resolving any outstanding issues. Additionally, the company should regularly communicate with the customer to ensure their needs are being met and to address any potential red flags before they become major issues.
1019#1#0.8#The customer is likely to churn due to their age, low customer rating for service, and low returns percentage.#To retain the customer, the company should focus on improving their customer service and providing better returns on investments. They should also consider offering personalized services and discounts to retain the customer's loyalty. Additionally, the company should regularly communicate with the customer and address any concerns or complaints promptly.
1005#1#0.8#The customer is likely to churn due to their low customer rating for service (2 out of 5) and high number of complaints raised last year (4) with 3 unresolved issues. Additionally, their latest chat analysis was neutral, indicating a lack of satisfaction with the service.#To retain the customer, steps should be taken to improve their overall satisfaction with the service. This could include addressing their complaints and resolving any unresolved issues, as well as improving the quality of their customer service experience. Additionally, efforts should be made to understand and address any underlying reasons for their dissatisfaction, such as their location or average salary per month. Regular communication and personalized attention may also help to retain the customer.
1019#1#0.8#The customer is likely to churn due to her age, low customer rating for service, and low activity in the past 8 months.#To retain the customer, the company should focus on improving the customer's experience by addressing any complaints or unresolved issues, providing personalized and timely service, and offering incentives or discounts to encourage continued investment. Additionally, the company should regularly engage with the customer through various channels to keep her interested and satisfied with the services provided.
1005#1#0.8#The customer is likely to churn due to their low customer rating for service (2 out of 5) and high number of complaints raised last year (4) with 3 unresolved issues. Additionally, the customer's latest chat analysis was neutral, indicating a lack of satisfaction with the service.#To retain the customer, steps should be taken to improve their overall satisfaction with the service. This could include addressing their complaints and resolving any unresolved issues, as well as providing personalized and attentive customer service. Additionally, efforts should be made to improve the customer's rating for service by addressing any areas of dissatisfaction and providing exceptional service going forward.
1019#1#0.8#The customer is likely to churn due to her age, low customer rating for service, and low activity in the past 8 months.#To retain the customer, the company should focus on improving the customer's experience by addressing any unresolved issues and providing personalized services. Additionally, the company should also offer incentives or discounts to encourage the customer to continue investing with them. Regular communication and follow-up with the customer can also help in retaining them.
1005#1#0.8#The customer is likely to churn due to their low customer rating for service (2 out of 5) and high number of complaints raised last year (4). Additionally, the customer has 3 unresolved issues and has not been active in the last 5 months.#To retain the customer, steps should be taken to improve their customer service experience, address their unresolved issues, and engage with them to increase their activity. It is also important to address any negative chat analysis and ensure that the customer's needs are being met.
1019#1#0.8#The customer is likely to churn due to their young age, high total amount invested, and short duration of client relationship. Additionally, the customer has not been active for the past month and has given a high customer rating for service, indicating potential dissatisfaction.#To retain the customer, the company should reach out to them and address any potential concerns or issues they may have. They should also offer personalized investment options and incentives to encourage the customer to continue investing with them. Additionally, the company should regularly engage with the customer and provide excellent customer service to maintain their satisfaction.
1005#1#0.8#The customer is likely to churn due to their low customer rating for service (2 out of 5) and high number of complaints raised last year (4). Additionally, their latest chat analysis was neutral, indicating a lack of engagement with the company.#To retain the customer, the company should reach out to them and address their complaints and concerns. They should also improve their customer service and engage with the customer through personalized communication and offers. Additionally, the company should regularly follow up with the customer to ensure their satisfaction and address any issues promptly.
1019#1#0.8#The customer is a UHNW customer and has a neutral chat analysis and service feedback. However, the customer has not been active for 5 months and has a high net promoter score of 9. This indicates that the customer may be dissatisfied with the services provided and may be considering churning.#To retain the customer, it is important to address the customer's concerns and improve the quality of services provided. The customer's feedback should be taken into consideration and steps should be taken to resolve any unresolved issues. Additionally, regular communication and personalized offers can help in retaining the customer.
1005#1#0.8#The customer is likely to churn due to their low customer rating for service (2 out of 5) and high number of complaints raised last year (4). Additionally, their latest chat analysis was neutral, indicating a lack of satisfaction with the service.#To retain the customer, steps should be taken to improve their overall satisfaction with the service. This could include addressing their complaints and providing better customer service. Additionally, efforts should be made to engage the customer and increase their activity with the company.
1019#1#0.8#The customer is a UHNW customer and has a neutral chat analysis and service feedback. However, the customer has not been active for 2 months and has a high net promoter score of 9. This indicates that the customer may be dissatisfied with the services provided and may be considering churning.#To retain the customer, it is important to address the customer's concerns and provide personalized services. The customer's high net promoter score can be leveraged to gather feedback and improve the services. Additionally, regular communication and offers can be provided to keep the customer engaged and satisfied. It is also important to ensure that there are no unresolved issues and complaints raised by the customer. 
1005#1#0.8#The customer's age is relatively young and they have a high total amount invested, indicating they may have a higher risk tolerance and may be more likely to switch to another investment option. Additionally, their customer rating for service is low and they have raised multiple complaints in the past year, suggesting dissatisfaction with the company.#To retain the customer, the company should reach out to them and address their concerns, offer personalized investment options, and provide exceptional customer service. They should also consider offering loyalty rewards or incentives to encourage the customer to stay with the company. Additionally, the company should regularly check in with the customer to ensure their satisfaction and address any issues promptly.
1019#1#0.8#The customer is a UHNW customer and has a neutral chat analysis and service feedback. However, the customer has raised 0 complaints last year and has no unresolved issues. This indicates that the customer may churn due to dissatisfaction with the service.#To retain the customer, the company should address any potential issues and improve the overall service quality. This can be done by regularly communicating with the customer and addressing any concerns they may have. Additionally, offering personalized and exclusive services to UHNW customers can also help in retaining them.
1005#1#0.8#The customer's age is relatively young and they have a high total amount invested, which may indicate that they are financially savvy and may be more likely to switch to a different financial institution if they are not satisfied with the service. Additionally, the customer has a low customer rating for service and has raised multiple complaints in the past year, which may indicate dissatisfaction with the service provided.#To retain the customer, the financial institution should reach out to the customer and address their concerns and complaints. They should also improve their customer service and ensure that the customer is satisfied with their experience. Offering personalized investment advice and incentives may also help retain the customer.
1019#0#0.2#The customer is a UHNW customer with a high net promoter score and a good customer rating for service. The customer has a positive chat analysis and no complaints or unresolved issues. These factors indicate that the customer is satisfied and is unlikely to churn.#To retain the customer, the company should continue providing excellent service and maintaining a positive relationship with the customer. Regular check-ins and personalized offers can also help to strengthen the customer's loyalty. 
1001#1#0.8#The customer is likely to churn due to the following red flags:- Low customer rating for service (4 out of 5)- High number of complaints raised last year (3)- Unresolved issues (2)- Negative chat analysis (Chat_Analysis_4 and Chat_Analysis_5 are positive, but Chat_Analysis_1, Chat_Analysis_2, and Chat_Analysis_3 are missing)#To retain the customer and prevent churn, the following steps can be taken:- Improve customer service and address any issues or complaints promptly- Reach out to the customer and address any unresolved issues- Conduct a thorough analysis of the chat interactions and address any negative feedback- Offer personalized incentives or discounts to show appreciation for the customer's loyalty- Regularly communicate with the customer to ensure their satisfaction and address any concerns promptly.
1002#1#0.8#The customer is a HNW customer and has a low customer rating for service (3 out of 5). They have also raised 2 complaints in the last year and have 1 unresolved issue. The latest chat analysis is positive, but the previous ones are not available. #To retain the customer, the company should address the unresolved issue and improve their customer service. They should also proactively reach out to the customer to address any concerns and provide personalized solutions to improve their overall experience. Additionally, the company should regularly monitor and address any complaints raised by the customer to ensure their satisfaction.
1003#0#0.2#The customer is a UHNW customer with a high net promoter score and a good customer rating for service. The customer has a positive chat analysis and no complaints or unresolved issues. These factors indicate that the customer is satisfied and is unlikely to churn.#To retain the customer, the company should continue providing excellent service and maintaining a positive relationship with the customer. Regular check-ins and personalized offers can also help to strengthen the customer's loyalty. 
1004#1#0.8#The customer is likely to churn due to their age, low customer rating for service, and high number of unresolved issues and complaints raised last year.#To retain the customer, the company should address the unresolved issues and complaints raised by the customer, improve their customer service, and offer personalized services and discounts to show appreciation for their loyalty. Additionally, the company should regularly engage with the customer and provide them with relevant and valuable information to keep them interested and satisfied.
1001#1#0.8#The customer is likely to churn due to the following red flags:- Low customer rating for service (4 out of 5)- High number of complaints raised last year (3)- Unresolved issues (2)- Negative chat analysis (Chat_Analysis_4 and Chat_Analysis_5 are positive, but Chat_Analysis_1, Chat_Analysis_2, and Chat_Analysis_3 are missing)#To retain the customer and prevent churn, the following steps can be taken:- Improve customer service and address any issues or complaints promptly- Reach out to the customer and address any unresolved issues- Conduct a thorough analysis of the chat interactions and address any negative feedback- Offer personalized incentives or discounts to show appreciation for the customer's loyalty- Regularly communicate with the customer to ensure their satisfaction and address any concerns promptly.
1001#1#0.8#The customer is likely to churn due to the following red flags:- Low customer rating for service (4 out of 5)- High number of complaints raised last year (3)- Unresolved issues (2)- Negative chat analysis (Chat_Analysis_4 and Chat_Analysis_5 are positive, but Chat_Analysis_1, Chat_Analysis_2, and Chat_Analysis_3 are missing)#To retain the customer and prevent churn, the following steps can be taken:- Improve customer service and address any issues or complaints promptly- Reach out to the customer and address any unresolved issues- Conduct a thorough analysis of the chat interactions and address any negative feedback- Offer personalized incentives or discounts to show appreciation for the customer's loyalty- Regularly communicate with the customer to ensure their satisfaction and address any concerns.
1001#1#0.8#Based on the provided customer details, it is likely that the customer may churn. The customer is 45 years old and has been a client for 5 years, which is a good duration. However, the customer has not been active for the past 14 months, which is a red flag for potential churn. The customer has also raised 3 complaints in the last year and has 2 unresolved issues, which indicates dissatisfaction with the service. The customer's Net Promoter Score is 7, which is a good rating, but the average monthly investment is only 20000, which is relatively low compared to the total amount invested. Additionally, the customer's chat analysis and service feedback are not available, which could indicate a lack of communication and engagement with the company.#To retain the customer, it is important to address the red flags and improve the overall customer experience. The company should reach out to the customer and address any unresolved issues and complaints. They should also try to engage the customer through personalized communication and offer incentives to increase their monthly investment. It is also important to gather feedback from the customer and address any concerns they may have. Additionally, the company should ensure that
1005#1#0.8#Based on the provided customer details, it is likely that the customer may churn. The customer's age and gender do not have a significant impact on churn prediction. However, the total amount invested and duration of client relationship are relatively low, which may indicate a lack of commitment from the customer. Additionally, the customer's low customer rating for service and high number of complaints and unresolved issues suggest dissatisfaction with the company's services.#To retain the customer, the company should take immediate action to address the customer's concerns and improve their overall experience. This could include offering personalized investment plans, providing better customer service, and resolving any outstanding issues promptly. The company should also consider offering loyalty rewards or incentives to encourage the customer to continue investing with them. Regular communication and follow-up with the customer can also help build a stronger relationship and increase their satisfaction with the company's services.
1019#0#0.1#Based on the provided customer details, it is highly likely that the customer will not churn. The customer is a 28-year-old female with a high total amount invested and a good duration of client relationship. The customer also has a good customer rating for service and has shown positive chat analysis and service feedback. The customer has not raised any complaints in the last year and has no unresolved issues. These factors indicate a strong level of satisfaction and loyalty towards the company.#To further retain the customer and ensure their satisfaction, the company can continue to provide excellent customer service and maintain a positive relationship with the customer. Regular check-ins and personalized communication can also help strengthen the bond with the customer. Additionally, offering personalized investment plans and promotions can also help retain the customer's interest and loyalty.
1005#1#0.8#Based on the provided customer details, it is likely that the customer may churn. The customer's age and gender do not have a significant impact on churn prediction. However, the total amount invested and duration of client relationship are relatively low, which may indicate a lack of commitment from the customer. Additionally, the customer's low customer rating for service and high number of complaints and unresolved issues suggest dissatisfaction with the company's services.#To retain the customer, the company should focus on improving the customer's overall experience. This can be achieved by addressing the customer's complaints and resolving any unresolved issues promptly. The company should also work on improving their customer service and ensuring that the customer's needs are met. Offering personalized investment plans and providing regular updates on their investments can also help in retaining the customer. Additionally, the company can offer loyalty rewards or discounts to incentivize the customer to stay with them. 
1019#0#0.2#Based on the provided customer details, it is predicted that the customer is not likely to churn. The customer is a 28-year-old female with a high total amount invested and a good duration of client relationship. The customer also has a good customer rating for service and positive chat analysis. The customer's returns percentage and last 1 year returns percentage are also satisfactory. Additionally, the customer has not raised any complaints or unresolved issues in the past year. These factors indicate that the customer is satisfied with the services provided and is unlikely to churn.#To further retain the customer, it is recommended to continue providing good customer service and maintaining positive chat analysis. Additionally, offering personalized investment plans and regularly communicating with the customer to understand their needs and preferences can help in building a stronger relationship with the customer. Providing timely updates on their investments and offering loyalty rewards can also help in retaining the customer. 
1005#1#0.8#Based on the provided customer details, it is likely that the customer may churn. The customer's age and gender do not have a significant impact on churn prediction. However, the total amount invested and duration of client relationship are relatively low, which may indicate a lack of commitment from the customer. Additionally, the customer's low customer rating for service and high number of complaints and unresolved issues suggest dissatisfaction with the company's services.#To retain the customer, the company should focus on improving the customer's overall experience. This can be achieved by addressing the customer's complaints and resolving any unresolved issues promptly. The company should also work on improving their customer service and ensuring that the customer's needs are met. Offering personalized investment plans and providing regular updates on their investments can also help in retaining the customer. Additionally, the company can offer loyalty rewards or discounts to incentivize the customer to stay with them. 
1019#0#0.2#Based on the provided customer details, it is predicted that the customer is not likely to churn. The customer is a 28-year-old female with a high total amount invested and a good duration of client relationship. The customer also has a good customer rating for service and positive chat analysis. The customer's returns percentage and last 1 year returns percentage are also satisfactory. Additionally, the customer has not raised any complaints or unresolved issues in the past year. These factors indicate that the customer is satisfied with the services provided and is unlikely to churn.#To further retain the customer, it is recommended to continue providing good customer service and maintaining positive chat analysis. Additionally, offering personalized investment plans and regularly communicating with the customer to understand their needs and preferences can help in building a stronger relationship with the customer. Providing timely updates on their investments and offering loyalty rewards can also help in retaining the customer. 
1005#1#0.8#Based on the provided customer details, it is likely that the customer may churn. The customer's age and gender do not have a significant impact on churn prediction. However, the total amount invested and duration of client relationship are relatively low, which may indicate a lack of commitment from the customer. Additionally, the customer's low customer rating for service and high number of complaints and unresolved issues suggest dissatisfaction with the company's services.#To retain the customer, the company should focus on improving the customer's overall experience. This can be achieved by addressing the customer's complaints and resolving any unresolved issues promptly. The company should also work on improving their customer service and ensuring that the customer's needs are met. Offering personalized investment plans and providing regular updates on their investments can also help in retaining the customer. Additionally, the company can offer loyalty rewards or discounts to incentivize the customer to stay with them. 
1019#0#0.1#Based on the provided customer details, it is highly unlikely that the customer will churn. The customer is a 28-year-old female with a high total amount invested and a good duration of client relationship. The customer also has a good customer rating for service and positive chat analysis. The customer's returns and salary are also above average, and there have been no complaints or unresolved issues in the past year. These factors indicate a strong loyalty towards the company and a low likelihood of churn.#To further retain the customer, the company can continue providing excellent customer service and maintaining a positive relationship with the customer. Regular communication and personalized offers can also help strengthen the customer's loyalty. Additionally, the company can offer investment advice and opportunities to further increase the customer's returns and satisfaction. 
1005#1#0.8#Based on the customer details, there are several red flags that indicate a high likelihood of churn. The customer's age and gender do not have a significant impact on churn, but the total amount invested and duration of client relationship are relatively low. Additionally, the customer's rating for service is only 2 out of 5, which is considered bad. The customer has also not been active for 14 months, which is a strong indicator of potential churn.#To retain this customer, it is important to address the reasons for potential churn. The first step would be to improve the customer's overall satisfaction with the service by addressing any complaints or unresolved issues. It is also important to engage with the customer and provide personalized recommendations and offers to encourage them to continue investing. Additionally, providing regular updates and communication about their investments can help build trust and loyalty. Finally, offering incentives or rewards for staying with the company can also be effective in retaining the customer.
1019#0#0.1#Based on the provided customer details, it is highly unlikely that the customer will churn. The customer is a 28-year-old female with a high total amount invested and a good duration of client relationship. The customer also has a good customer rating for service and positive chat analysis. The customer's returns and salary are also satisfactory, and there have been no complaints or unresolved issues in the past year. Additionally, the customer has a high Net Promoter Score, indicating a high level of satisfaction with the company's services.#To ensure that the customer remains satisfied and does not churn in the future, it is important to continue providing excellent customer service and maintaining a positive relationship with the customer. Regular check-ins and personalized communication can help strengthen the relationship and address any potential concerns or issues the customer may have. Additionally, offering personalized investment advice and recommendations can also help retain the customer's trust and loyalty. It is also important to continue monitoring the customer's activity and addressing any red flags promptly to prevent any potential dissatisfaction. 
1005#1#0.8#Based on the customer details, there are several red flags that indicate a high likelihood of churn. The customer's age and gender do not have a significant impact on churn, but the total amount invested and duration of client relationship are relatively low. Additionally, the customer's rating for service is only 2 out of 5, which is considered bad. The customer has also not been active for 14 months, which is a strong indicator of potential churn.#To retain this customer, it is important to address the reasons for potential churn. The first step would be to improve the customer's overall satisfaction with the service by addressing any complaints or unresolved issues. It is also important to engage with the customer and provide personalized recommendations and offers to encourage them to continue investing. Additionally, providing regular updates and communication about their investments can help build trust and loyalty. Finally, offering incentives or rewards for staying with the company can also be effective in retaining the customer.
1019#0#0.1#Based on the provided customer details, it is highly unlikely that the customer will churn. The customer is a 28-year-old female with a high total amount invested and a good duration of client relationship. The customer also has a good customer rating for service and positive chat analysis. The customer's returns and salary are also satisfactory, and there have been no complaints or unresolved issues in the past year. Additionally, the customer has a high Net Promoter Score, indicating a high level of satisfaction with the company's services.#To ensure that the customer remains satisfied and does not churn in the future, it is important to continue providing excellent customer service and maintaining a positive relationship with the customer. Regular check-ins and personalized communication can help strengthen the relationship and address any potential concerns or issues the customer may have. Additionally, offering personalized investment advice and recommendations can also help retain the customer's trust and loyalty. It is also important to continue monitoring the customer's activity and addressing any red flags promptly to prevent any potential dissatisfaction. Overall, maintaining a high level of customer satisfaction and providing personalized attention can help retain the customer and prevent churn.
1005#1#0.8#Based on the customer details, there are several red flags that indicate a high likelihood of churn. The customer's age and gender do not have a significant impact on churn, but the total amount invested and duration of client relationship are relatively low. Additionally, the customer's rating for service is only 2 out of 5, which is considered bad. The customer has also not been active for 14 months, which is a strong indicator of potential churn.#To retain this customer, it is important to address the reasons for potential churn. The first step would be to improve the customer's overall satisfaction with the service by addressing any complaints or unresolved issues. It is also important to engage with the customer and provide personalized recommendations and offers to encourage them to continue investing. Additionally, providing regular updates and communication about their investments can help build trust and loyalty. Finally, offering incentives or rewards for staying with the company can also be effective in retaining the customer.
1019#0#0.1#Based on the provided customer details, it is highly unlikely that the customer will churn. The customer is a 28-year-old female with a high total amount invested and a good duration of client relationship. The customer also has a good customer rating for service and positive chat analysis. The customer's returns and salary are also satisfactory, and there have been no complaints or unresolved issues in the past year. Additionally, the customer has a high Net Promoter Score, indicating a high level of satisfaction with the company's services.#To ensure that the customer remains satisfied and does not churn in the future, it is important to continue providing excellent customer service and maintaining a positive relationship with the customer. Regular check-ins and personalized communication can help strengthen the relationship and address any potential concerns or issues the customer may have. Additionally, offering personalized investment advice and recommendations can also help retain the customer's trust and loyalty. It is also important to continue monitoring the customer's activity and addressing any red flags promptly to prevent any potential dissatisfaction. 
1005#1#0.8#Based on the customer details, there are several red flags that indicate a high likelihood of churn. The customer's age and gender do not have a significant impact on churn, but the total amount invested and duration of client relationship are relatively low. Additionally, the customer's rating for service is only 2 out of 5, which is considered bad. The customer has also not been active for 14 months, which is a strong indicator of potential churn.#To retain this customer, it is important to address the reasons for potential churn. The first step would be to improve the customer's overall satisfaction with the service by addressing any complaints or unresolved issues. It is also important to engage with the customer and provide personalized recommendations and offers to encourage them to continue investing. Additionally, providing regular updates and communication about their investments can help build trust and loyalty. Finally, offering incentives or rewards for long-term investments can also help retain the customer.
1019#0#0.1#Based on the provided customer details, it is highly unlikely that the customer will churn. The customer is a 28-year-old female with a high total amount invested and a good duration of client relationship. The customer also has a good customer rating for service and positive chat analysis. The customer's returns and salary are also satisfactory, and there have been no complaints or unresolved issues in the past year. Additionally, the customer has a high Net Promoter Score, indicating a high level of satisfaction with the company's services.#To ensure that the customer remains satisfied and does not churn in the future, it is important to continue providing excellent customer service and maintaining a positive relationship with the customer. Regular check-ins and personalized communication can help strengthen the client relationship. Additionally, offering personalized investment advice and opportunities for further investment can also help retain the customer. It is also important to address any potential red flags, such as any negative chat analysis or complaints, in a timely and satisfactory manner to maintain the customer's trust and satisfaction.
1005#1#0.8#Based on the customer details, there are several red flags that indicate a high likelihood of churn. The customer's age and gender do not have a significant impact on churn, but the total amount invested and duration of client relationship are relatively low. Additionally, the customer's rating for service is only 2 out of 5, which is considered bad. The customer has also not been active for 14 months, which is a strong indicator of potential churn.#To retain this customer, it is important to address the reasons for potential churn. The first step would be to improve the customer's overall satisfaction with the service by addressing any complaints or unresolved issues. It is also important to engage with the customer and provide personalized recommendations and offers to encourage them to continue investing. Additionally, providing regular updates and communication about their investments can help build trust and loyalty. Finally, offering incentives or rewards for staying with the company can also be effective in retaining the customer.
1019#0#0.1#Based on the provided customer details, it is highly unlikely that the customer will churn. The customer is a 28-year-old female with a high total amount invested and a good duration of client relationship. The customer also has a good customer rating for service and positive chat analysis. The customer's returns and salary are also satisfactory, and there have been no complaints or unresolved issues in the past year. Additionally, the customer has a high Net Promoter Score, indicating a high level of satisfaction with the company's services.#To ensure that the customer remains satisfied and does not churn in the future, it is important to continue providing excellent customer service and maintaining a positive relationship with the customer. Regular check-ins and personalized communication can help strengthen the relationship and address any potential concerns or issues the customer may have. Additionally, offering personalized investment advice and recommendations can also help retain the customer's trust and loyalty. It is also important to continue monitoring the customer's activity and addressing any red flags promptly to prevent any potential dissatisfaction. Overall, maintaining a high level of customer satisfaction and providing personalized attention can help retain the customer and prevent churn.
1005#1#0.8#Based on the customer details, there are several red flags that indicate a high likelihood of churn. The customer's age and gender do not have a significant impact on churn, but the total amount invested and duration of client relationship are relatively low. Additionally, the customer's rating for service is only 2 out of 5, which is considered bad. The customer has also not been active for 14 months, which is a strong indicator of potential churn.#To retain this customer, it is important to address the reasons for potential churn. The first step would be to improve the customer's overall satisfaction with the service by addressing any complaints or unresolved issues. It is also important to engage with the customer and provide personalized recommendations and offers to encourage them to continue investing. Additionally, providing regular updates and communication about their investments can help build trust and loyalty. Finally, offering incentives or rewards for staying with the company can also be effective in retaining the customer.
1019#0#0.1#Based on the provided customer details, it is highly unlikely that the customer will churn. The customer is a 28-year-old female with a high total amount invested and a good duration of client relationship. The customer also has a good customer rating for service and positive chat analysis. The customer's returns and salary are also satisfactory, and there have been no complaints or unresolved issues in the past year. Additionally, the customer has a high Net Promoter Score, indicating a high level of satisfaction with the company's services.#To ensure that the customer remains satisfied and does not churn in the future, it is important to continue providing excellent customer service and maintaining a positive relationship with the customer. Regular check-ins and personalized communication can help strengthen the client relationship. Additionally, offering personalized investment advice and opportunities for further investment can also help retain the customer. It is also important to address any potential red flags, such as any negative chat analysis or complaints, in a timely and satisfactory manner to maintain the customer's trust and satisfaction.
1005#1#0.8#Based on the customer details, there are several red flags that indicate a high likelihood of churn. The customer's age and gender do not have a significant impact on churn, but the total amount invested and duration of client relationship are relatively low. Additionally, the customer's rating for service is only 2 out of 5, which is considered bad. The customer has also not been active for 14 months, which is a strong indicator of potential churn.#To retain this customer, it is important to address the reasons for potential churn. The first step would be to improve the customer's overall satisfaction with the service by addressing any complaints or unresolved issues. It is also important to engage with the customer and provide personalized recommendations and offers to encourage them to continue investing. Additionally, the customer's feedback and chat analysis should be closely monitored to identify any potential issues and address them promptly. Finally, providing excellent customer service and maintaining a good relationship with the customer can go a long way in retaining them.
1019#0#0.1#Based on the provided customer details, it is highly unlikely that the customer will churn. The customer is a 28-year-old female with a high total amount invested and a good duration of client relationship. The customer also has a good customer rating for service and positive chat analysis. The customer's returns and salary are also satisfactory, and there have been no complaints or unresolved issues in the past year. Additionally, the customer has a high Net Promoter Score, indicating a high level of satisfaction with the company's services.#To ensure that the customer remains satisfied and does not churn in the future, it is important to continue providing excellent customer service and maintaining a positive relationship with the customer. Regular check-ins and personalized communication can help strengthen the client relationship. Additionally, offering personalized investment advice and opportunities for further investment can also help retain the customer. It is also important to address any potential red flags, such as any negative chat analysis or complaints, in a timely and satisfactory manner to maintain the customer's trust and satisfaction.
1005#1#0.8#Based on the customer details, there are several red flags that indicate a high likelihood of churn. The customer's age and gender do not have a significant impact on churn, but the total amount invested and duration of client relationship are relatively low. Additionally, the customer's rating for service is only 2 out of 5, which is considered bad. The customer has also not been active for 14 months, which is a strong indicator of potential churn.#To retain this customer, it is important to address the reasons for potential churn. The first step would be to improve the customer's overall satisfaction with the service by addressing any complaints or unresolved issues. It is also important to engage with the customer and provide personalized recommendations and offers to encourage them to continue investing. Additionally, providing regular updates and communication about their investments can help build trust and loyalty. Finally, offering incentives or rewards for staying with the company can also be effective in retaining the customer.
1019#0#0.1#Based on the provided customer details, it is highly unlikely that the customer will churn. The customer is a 28-year-old female with a high total amount invested and a good duration of client relationship. The customer also has a good customer rating for service and positive chat analysis. The customer's returns and salary are also satisfactory, and there have been no complaints or unresolved issues in the past year. Additionally, the customer has a high Net Promoter Score, indicating a high level of satisfaction with the company's services.#To ensure that the customer remains satisfied and does not churn in the future, it is important to continue providing excellent customer service and maintaining a positive relationship with the customer. Regular check-ins and personalized communication can help strengthen the relationship and address any potential concerns or issues the customer may have. Additionally, offering personalized investment advice and recommendations can also help retain the customer's trust and loyalty. It is also important to continue monitoring the customer's activity and addressing any red flags promptly to prevent any potential dissatisfaction. Overall, maintaining a high level of customer satisfaction and providing personalized attention can help retain the customer and prevent churn.
1005#1#0.8#Based on the customer details, there are several red flags that indicate a high likelihood of churn. The customer's age and gender do not have a significant impact on churn, but the total amount invested and duration of client relationship are relatively low. Additionally, the customer's rating for service is only 2 out of 5, which is considered bad. The customer has also not been active for 14 months, which is a strong indicator of potential churn.#To retain this customer, it is important to address the reasons for potential churn. The first step would be to improve the customer's overall satisfaction with the service by addressing any complaints or unresolved issues. It is also important to engage with the customer and provide personalized recommendations and offers to encourage them to continue investing. Additionally, providing regular updates and communication about their investments can help build trust and loyalty. Finally, offering incentives or rewards for long-term investments can also help retain the customer.
1019#0#0.1#Based on the provided customer details, it is highly unlikely that the customer will churn. The customer is a 28-year-old female with a high total amount invested and a good duration of client relationship. The customer also has a good customer rating for service and positive chat analysis. The customer's returns and salary are also satisfactory, and there have been no complaints or unresolved issues in the past year. Additionally, the customer has a high Net Promoter Score, indicating a high level of satisfaction with the company's services.#To ensure that the customer remains satisfied and does not churn in the future, it is important to continue providing excellent customer service and maintaining a positive relationship with the customer. Regular check-ins and personalized communication can help strengthen the client relationship. Additionally, offering personalized investment advice and opportunities for further investment can also help retain the customer. It is also important to address any potential red flags, such as any negative chat analysis or complaints, in a timely and satisfactory manner to maintain the customer's trust and satisfaction.
1005#1#0.8#Based on the customer details, there are several red flags that indicate a high likelihood of churn. The customer's age and gender do not have a significant impact on churn, but the total amount invested and duration of client relationship are relatively low. Additionally, the customer's rating for service is only 2 out of 5, which is considered bad. The customer has also not been active for 14 months, which is a strong indicator of potential churn.#To retain this customer, it is important to address the reasons for potential churn. The first step would be to improve the customer's overall satisfaction with the service by addressing any complaints or unresolved issues. It is also important to engage with the customer and provide personalized recommendations and offers to encourage them to continue investing. Additionally, providing regular updates and communication about their investments can help build trust and loyalty. Finally, offering incentives or rewards for staying with the company can also be effective in retaining the customer.
1019#0#0.1#Based on the provided customer details, it is highly unlikely that the customer will churn. The customer is a 28-year-old female with a high total amount invested and a good duration of client relationship. The customer also has a good customer rating for service and positive chat analysis. The customer's returns and salary are also satisfactory, and there have been no complaints or unresolved issues in the past year. Additionally, the customer has a high Net Promoter Score, indicating a high level of satisfaction with the company's services.#To ensure that the customer remains satisfied and does not churn in the future, it is important to continue providing excellent customer service and maintaining a positive relationship with the customer. Regular check-ins and personalized communication can help strengthen the client relationship. Additionally, offering personalized investment advice and opportunities for further investment can also help retain the customer. It is also important to address any potential red flags, such as any negative chat analysis or complaints, in a timely and satisfactory manner to maintain the customer's trust and satisfaction.
1005#1#0.8#Based on the customer details, there are several red flags that indicate a high likelihood of churn. The customer's age and gender do not have a significant impact on churn, but the total amount invested and duration of client relationship are relatively low. Additionally, the customer's rating for service is only 2 out of 5, which is considered bad. The customer has also not been active for 14 months, which is a strong indicator of potential churn.#To retain this customer, it is important to address the reasons for potential churn. The first step would be to improve the customer's overall satisfaction with the service by addressing any complaints or unresolved issues. It is also important to engage with the customer and provide personalized recommendations and offers to encourage them to continue investing. Additionally, providing regular updates and communication about their investments can help build trust and loyalty. Finally, offering incentives or rewards for long-term investments can also help retain the customer.
1005#1#0.8#Based on the customer details, there are several red flags that indicate a high likelihood of churn. The customer's age and gender do not have a significant impact on churn, but the total amount invested and duration of client relationship are relatively low. Additionally, the customer's rating for service is only 2 out of 5, which is considered bad. The customer has also not been active for 14 months, which is a strong indicator of potential churn.#To retain this customer, it is important to address the reasons for potential churn. The first step would be to improve the customer's overall satisfaction with the service by addressing any complaints or unresolved issues. It is also important to engage with the customer and provide personalized recommendations and offers to encourage them to continue investing. Additionally, providing regular updates and communication about their investments can help build trust and loyalty. Finally, offering incentives or rewards for long-term investments can also help retain the customer.
1019#0#0.1#Based on the provided customer details, it is highly unlikely that the customer will churn. The customer is a 28-year-old female with a high total amount invested and a good duration of client relationship. The customer also has a good customer rating for service and positive chat analysis. The customer's returns and salary are also satisfactory, and there have been no complaints or unresolved issues in the past year. Additionally, the customer has a high Net Promoter Score, indicating a high level of satisfaction with the company's services.#To ensure that the customer remains satisfied and does not churn in the future, it is important to continue providing excellent customer service and maintaining a positive relationship with the customer. Regular check-ins and personalized communication can help strengthen the client relationship. Additionally, offering personalized investment advice and opportunities for further investment can also help retain the customer. It is also important to address any potential red flags, such as any negative chat analysis or complaints, in a timely and satisfactory manner to maintain the customer's trust and satisfaction.
1005#1#0.8#Based on the customer details, there are several red flags that indicate a high likelihood of churn. The customer's age and gender do not have a significant impact on churn, but the total amount invested and duration of client relationship are relatively low. Additionally, the customer's rating for service is only 2 out of 5, which is considered bad. The customer has also not been active for 14 months, which is a strong indicator of potential churn.#To retain this customer, it is important to address the reasons for potential churn. The first step would be to improve the customer's overall satisfaction with the service by addressing any complaints or unresolved issues. It is also important to engage with the customer and provide personalized recommendations and offers to encourage them to continue investing. Additionally, providing regular updates and communication about their investments can help build trust and loyalty. Finally, offering incentives or rewards for staying with the company can also be effective in retaining the customer.
1019#0#0.1#Based on the provided customer details, it is highly unlikely that the customer will churn. The customer is a 28-year-old female with a high total amount invested and a good duration of client relationship. The customer also has a good customer rating for service and positive chat analysis. The customer's returns and salary are also satisfactory, and there have been no complaints or unresolved issues in the past year. Additionally, the customer has a high Net Promoter Score, indicating a high level of satisfaction with the company's services.#To ensure that the customer remains satisfied and does not churn in the future, it is important to continue providing excellent customer service and maintaining a positive relationship with the customer. Regular check-ins and personalized communication can help strengthen the client relationship. Additionally, offering personalized investment advice and opportunities for further investment can also help retain the customer. It is also important to address any potential red flags, such as any negative chat analysis or complaints, in a timely and satisfactory manner to maintain the customer's trust and satisfaction.
1005#1#0.8#Based on the customer details, there are several red flags that indicate a high likelihood of churn. The customer's age and gender do not have a significant impact on churn, but the total amount invested and duration of client relationship are relatively low. Additionally, the customer's rating for service is only 2 out of 5, which is considered bad. The customer has also not been active for 14 months, which is a strong indicator of potential churn.#To retain this customer, it is important to address the reasons for potential churn. The first step would be to improve the customer's overall satisfaction with the service by addressing any complaints or unresolved issues. It is also important to engage with the customer and provide personalized recommendations and offers to encourage them to continue investing. Additionally, providing regular updates and communication about their investments can help build trust and loyalty. Finally, offering incentives or rewards for long-term investments can also help retain the customer.
1019#0#0.1#Based on the provided customer details, it is highly unlikely that the customer will churn. The customer is a 28-year-old female with a high total amount invested and a good duration of client relationship. The customer also has a good customer rating for service and positive chat analysis. The customer's returns and salary are also satisfactory, and there have been no complaints or unresolved issues in the past year. Additionally, the customer has a high Net Promoter Score, indicating a high level of satisfaction with the company's services.#To ensure that the customer remains satisfied and does not churn in the future, it is important to continue providing excellent customer service and maintaining a positive relationship with the customer. Regular check-ins and personalized communication can help strengthen the relationship and address any potential concerns or issues. Additionally, offering personalized investment advice and recommendations can also help retain the customer's trust and loyalty. It is also important to continue monitoring the customer's activity and addressing any red flags promptly to prevent any potential dissatisfaction. Overall, maintaining a high level of customer satisfaction and providing personalized attention can help retain the customer and prevent churn.
1005#1#0.8#Based on the customer details, there are several red flags that indicate a high likelihood of churn. The customer's age and gender do not have a significant impact on churn, but the total amount invested and duration of client relationship are relatively low. Additionally, the customer's rating for service is only 2 out of 5, which is considered bad. The customer has also not been active for 14 months, which is a strong indicator of potential churn.#To retain this customer, it is important to address the reasons for potential churn. The first step would be to improve the customer's overall satisfaction with the service by addressing any complaints or unresolved issues. It is also important to engage with the customer and provide personalized recommendations and offers to encourage them to continue investing. Additionally, providing regular updates and communication about their investments can help build trust and loyalty. Finally, offering incentives or rewards for staying with the company can also be effective in retaining the customer.
1005#1#0.8#Based on the customer details, there are several red flags that indicate a high likelihood of churn. The customer's age and gender do not have a significant impact on churn, but the total amount invested and duration of client relationship are relatively low. Additionally, the customer's rating for service is only 2 out of 5, which is considered bad. The customer has also not been active for 14 months, which is a strong indicator of potential churn.#To retain this customer, it is important to address the reasons for potential churn. The first step would be to improve the customer's overall satisfaction with the service by addressing any complaints or unresolved issues. It is also important to engage with the customer and provide personalized recommendations and offers to encourage them to continue investing. Additionally, providing regular updates and communication about their investments can help build trust and loyalty. Finally, offering incentives or rewards for staying with the company can also be effective in retaining the customer.
1005#1#0.8#Based on the customer details, there are several red flags that indicate a high likelihood of churn. The customer's age and gender do not have a significant impact on churn, but the total amount invested and duration of client relationship are relatively low. Additionally, the customer's rating for service is only 2 out of 5, which is considered bad. The customer has also not been active for 14 months, which is a strong indicator of potential churn.#To retain this customer, it is important to address the reasons for potential churn. The first step would be to improve the customer's overall satisfaction with the service by addressing any complaints or unresolved issues. It is also important to engage with the customer and provide personalized recommendations and offers to encourage them to continue investing. Additionally, providing regular updates and communication about their investments can help build trust and loyalty. Finally, offering incentives or rewards for staying with the company can also be effective in retaining the customer.
1005#1#0.8#Based on the customer details, there are several red flags that indicate a high likelihood of churn. The customer's age and gender do not have a significant impact on churn, but the total amount invested and duration of client relationship are relatively low. Additionally, the customer's rating for service is only 2 out of 5, which is considered bad. The customer has also not been active for 14 months, which is a strong indicator of potential churn.#To retain this customer, it is important to address the reasons for potential churn. The first step would be to improve the customer's overall satisfaction with the service by addressing any complaints or unresolved issues. It is also important to engage with the customer and provide personalized recommendations and offers to encourage them to continue investing. Additionally, providing regular updates and communication about their investments can help build trust and loyalty. Finally, offering incentives or rewards for staying with the company can also be effective in retaining the customer.
1005#1#0.8#Based on the customer details, there are several red flags that indicate a high likelihood of churn. The customer's age and gender do not have a significant impact on churn, but the total amount invested and duration of client relationship are relatively low. Additionally, the customer's rating for service is only 2 out of 5, which is considered bad. The customer has also not been active for 14 months, which is a strong indicator of potential churn.#To retain this customer, it is important to address the reasons for potential churn. The first step would be to improve the customer's overall satisfaction with the service by addressing any complaints or unresolved issues. It is also important to engage with the customer and provide personalized recommendations and offers to encourage them to continue investing. Additionally, providing regular updates and communication about their investments can help build trust and loyalty. Finally, offering incentives or rewards for staying with the company can also be effective in retaining the customer.
1005#1#0.8#Based on the customer details, there are several red flags that indicate a high likelihood of churn. The customer's age and gender do not have a significant impact on churn, but the total amount invested and duration of client relationship are relatively low. Additionally, the customer's rating for service is only 2 out of 5, which is considered bad. The customer has also not been active for 14 months, which is a strong indicator of potential churn.#To retain this customer, it is important to address the reasons for potential churn. The first step would be to improve the customer's overall satisfaction with the service by addressing any complaints or unresolved issues. It is also important to engage with the customer and provide personalized recommendations and offers to encourage them to continue investing. Additionally, providing regular updates and communication about their investments can help build trust and loyalty. Finally, offering incentives or rewards for staying with the company can also be effective in retaining the customer.
1005#1#0.8#Based on the customer details, there are several red flags that indicate a high likelihood of churn. The customer's age and gender do not have a significant impact on churn, but the total amount invested and duration of client relationship are relatively low. Additionally, the customer's rating for service is only 2 out of 5, which is considered bad. The customer has also not been active for 14 months, which is a strong indicator of potential churn.#To retain this customer, it is important to address the reasons for potential churn. The first step would be to improve the customer's overall satisfaction with the service by addressing any complaints or unresolved issues. It is also important to engage with the customer and provide personalized recommendations and offers to encourage them to continue investing. Additionally, providing regular updates and communication about their investments can help build trust and loyalty. Finally, offering incentives or rewards for staying with the company can also be effective in retaining the customer.
1005#1#0.8#Based on the customer details, there are several red flags that indicate a high likelihood of churn. The customer's age and gender do not have a significant impact on churn, but the total amount invested and duration of client relationship are relatively low. Additionally, the customer's rating for service is only 2 out of 5, which is considered bad. The customer has also not been active for 14 months, which is a strong indicator of potential churn.#To retain this customer, it is important to address the reasons for potential churn. The first step would be to improve the customer's overall satisfaction with the service by addressing any complaints or unresolved issues. It is also important to engage with the customer and provide personalized recommendations and offers to encourage them to continue investing. Additionally, providing regular updates and communication about their investments can help build trust and loyalty. Finally, offering incentives or rewards for staying with the company can also be effective in retaining the customer.
1005#1#0.8#Based on the customer details, there are several red flags that indicate a high likelihood of churn. The customer's age and gender do not have a significant impact on churn, but the total amount invested and duration of client relationship are relatively low. Additionally, the customer's rating for service is only 2 out of 5, which is considered bad. The customer has also not been active for 14 months, which is a strong indicator of potential churn.#To retain this customer, it is important to address the reasons for potential churn. The first step would be to improve the customer's overall satisfaction with the service by addressing any complaints or unresolved issues. It is also important to engage with the customer and provide personalized recommendations and offers to encourage them to continue investing. Additionally, providing regular updates and communication about their investments can help build trust and loyalty. Finally, offering incentives or rewards for staying with the company can also be effective in retaining the customer.
1005#1#0.8#Based on the customer details, there are several red flags that indicate a high likelihood of churn. The customer's age and gender do not have a significant impact on churn, but the total amount invested and duration of client relationship are relatively low. Additionally, the customer's rating for service is only 2 out of 5, which is considered bad. The customer has also not been active for 14 months, which is a strong indicator of potential churn.#To retain this customer, it is important to address the reasons for potential churn. The first step would be to improve the customer's overall satisfaction with the service by addressing any complaints or unresolved issues. It is also important to engage with the customer and provide personalized recommendations and offers to encourage them to continue investing. Additionally, providing regular updates and communication about their investments can help build trust and loyalty. Finally, offering incentives or rewards for staying with the company can also be effective in retaining the customer.
1005#1#0.8#Based on the customer details, there are several red flags that indicate a high likelihood of churn. The customer's age and gender do not have a significant impact on churn, but the total amount invested and duration of client relationship are relatively low. Additionally, the customer's rating for service is only 2, which is considered bad. The customer has also not been active for 14 months, which is a strong indicator of potential churn. The chat analysis and returns percentage are also negative, and the customer has raised 4 complaints in the last year with 3 unresolved issues. These factors suggest that the customer is dissatisfied with the service and may be considering switching to a different provider.#To retain this customer, it is important to address their concerns and improve their overall satisfaction with the service. The first step would be to reach out to the customer and understand their reasons for dissatisfaction. The customer's complaints should be addressed promptly and resolved to their satisfaction. Additionally, efforts should be made to improve the customer's rating for service and increase their level of engagement. Providing personalized investment advice and offering incentives or discounts can also help in retaining the customer. Regular communication and follow-up with the customer
1019#0#0.1#Based on the provided customer details, it is highly unlikely that the customer will churn. The customer is a 28-year-old female with a high total amount invested and a good duration of client relationship. The customer also has a good customer rating for service and positive chat analysis. The customer's returns and salary are also satisfactory, and there have been no complaints or unresolved issues in the past year. Additionally, the customer has a high Net Promoter Score, indicating a high level of satisfaction with the company's services.#To ensure that the customer remains satisfied and does not churn in the future, it is important to continue providing excellent customer service and maintaining a positive relationship with the customer. Regular check-ins and personalized communication can help strengthen the relationship and address any potential concerns or issues the customer may have. Additionally, offering personalized investment advice and recommendations can also help retain the customer's trust and loyalty. It is also important to continue monitoring the customer's activity and addressing any red flags promptly to prevent any potential dissatisfaction. 
